BorrowerID,Age,Income,CreditScore,LoanAmount,InterestRate,TermMonths,PD,LGD,EAD
1,59,24324,766,136717,0.0837,24,0.0599,0.3606,121789.2
2,49,96323,713,167002,0.1396,12,0.0442,0.3472,150060.0
3,35,29111,754,266691,0.0972,48,0.0248,0.1261,233692.63
4,63,58110,532,86835,0.1512,12,0.1105,0.1895,72685.55
5,28,36389,523,127232,0.0639,60,0.1209,0.1278,110827.12
6,41,142177,711,428306,0.1813,12,0.0627,0.1651,371560.36
7,59,61427,634,223561,0.0789,12,0.0643,0.3322,201172.07
8,39,99579,521,450358,0.0925,36,0.112,0.5594,421055.98
9,43,48746,336,248051,0.0399,48,0.028,0.2149,246475.14
10,31,142883,577,162547,0.049,12,0.0192,0.4067,134724.26
11,31,107886,495,417104,0.1177,36,0.0122,0.1715,406510.99
12,44,127141,783,48732,0.0755,24,0.0153,0.287,41755.31
13,56,20117,541,217695,0.172,36,0.0637,0.6097,199903.78
14,60,145808,623,313449,0.0325,36,0.2917,0.1341,285034.03
15,44,132221,491,182109,0.0944,36,0.0534,0.0215,165972.26
16,23,104471,316,14346,0.0873,12,0.0846,0.3167,13552.26
17,42,132613,823,267731,0.0333,12,0.0125,0.223,234622.76
18,22,33234,700,17763,0.0511,24,0.0398,0.5043,15344.03
19,44,149597,321,195237,0.1003,60,0.1133,0.5386,189490.57
20,64,123864,773,243553,0.1138,60,0.0341,0.1185,205563.36
21,50,73441,419,336759,0.0987,60,0.06,0.1969,281547.1
22,58,20846,509,434332,0.1203,24,0.0784,0.6863,348821.36
23,22,30954,605,125987,0.1312,60,0.0892,0.1446,106095.61
24,41,99239,569,221823,0.0317,60,0.1471,0.0569,200462.84
25,53,133689,584,96353,0.1089,36,0.1421,0.1602,87459.79
26,32,66514,526,226373,0.1938,12,0.0594,0.1959,192617.19
27,42,108236,680,362792,0.1182,12,0.2668,0.5321,295477.7
28,64,117579,759,30556,0.1452,36,0.0648,0.3762,28995.45
29,45,148644,306,326186,0.083,36,0.13,0.31,310396.99
30,69,26469,328,23099,0.1616,36,0.0382,0.2395,23089.0
31,47,50105,332,376233,0.1614,12,0.1265,0.1602,368710.57
32,62,62101,378,181168,0.1186,60,0.0581,0.0836,178488.96
33,48,84323,758,208058,0.1959,36,0.0363,0.4024,199660.94
34,36,111922,837,149302,0.0513,24,0.089,0.0123,137820.76
35,35,78067,781,427225,0.0329,36,0.0598,0.1866,352763.61
36,67,69376,729,207041,0.1609,48,0.0514,0.2912,191401.67
37,64,65587,584,38866,0.1672,36,0.0795,0.4611,31527.76
38,23,56976,815,110400,0.0504,12,0.0502,0.1029,107867.4
39,57,124587,398,351390,0.0751,36,0.0773,0.6925,314973.44
40,27,147534,696,344119,0.033,48,0.1435,0.1175,323297.93
41,41,87584,788,440071,0.0799,24,0.092,0.4439,356654.98
42,29,124537,338,348701,0.1614,60,0.012,0.2312,316219.39
43,59,98477,570,142488,0.1181,36,0.061,0.2515,122575.68
44,38,130911,456,77516,0.0892,48,0.0454,0.5226,66430.72
45,24,62533,374,191987,0.0932,48,0.0548,0.3245,168551.37
46,45,21828,429,416274,0.0302,24,0.1561,0.1023,333072.44
47,34,21917,383,474853,0.081,12,0.0713,0.4798,424201.46
48,29,40618,321,438934,0.1399,36,0.024,0.4221,393861.33
49,46,52254,758,299746,0.1956,48,0.047,0.2299,291540.81
50,22,125292,838,472874,0.174,24,0.1544,0.1175,420718.42
51,40,136714,681,476328,0.034,60,0.1745,0.2579,415696.81
52,48,67362,739,194139,0.1828,48,0.0358,0.1938,193935.04
53,67,40128,320,163588,0.1631,24,0.0805,0.295,149559.13
54,27,143781,602,134295,0.1627,12,0.047,0.7323,120129.92
55,64,131281,383,92969,0.1079,12,0.024,0.2512,83596.53
56,28,79383,752,137161,0.0977,48,0.0717,0.2489,131926.42
57,67,85545,686,435562,0.0815,48,0.1108,0.1521,378126.74
58,55,102180,806,210735,0.0412,36,0.1549,0.2485,184989.95
59,34,107958,556,146559,0.0688,24,0.0895,0.2258,139403.21
60,37,29865,826,267299,0.0719,48,0.0916,0.2041,217740.9
61,56,22219,461,128950,0.1123,36,0.0321,0.3082,125472.71
62,60,59809,462,334638,0.1571,36,0.2106,0.213,296502.83
63,24,136748,823,81229,0.1105,48,0.0885,0.3036,74426.77
64,22,25287,570,109648,0.0398,12,0.0504,0.4274,104329.55
65,26,146593,791,43547,0.1928,24,0.0133,0.1787,37154.75
66,62,54387,507,33795,0.1903,24,0.1546,0.379,33053.63
67,24,28512,838,191368,0.1635,12,0.0476,0.7317,190572.86
68,49,21342,359,26447,0.1985,48,0.0224,0.5533,23772.01
69,38,83076,729,172670,0.1226,24,0.0633,0.4406,170492.19
70,46,128872,608,440030,0.1937,48,0.0996,0.4834,352123.33
71,64,39216,819,226823,0.0429,48,0.0283,0.2948,222025.14
72,54,137512,326,261190,0.0922,36,0.1293,0.6639,225200.39
73,30,136682,498,211402,0.0683,12,0.0191,0.155,182291.75
74,56,113070,686,257419,0.0633,48,0.0956,0.1814,217678.08
75,34,99767,648,234817,0.0539,60,0.0788,0.0624,202741.65
76,51,117829,835,355104,0.1358,12,0.0768,0.1729,299245.05
77,68,46614,677,330422,0.1628,24,0.044,0.1821,324201.42
78,35,56258,826,60077,0.1283,36,0.0885,0.1242,58863.73
79,28,113789,452,117782,0.055,24,0.2444,0.2721,96633.33
80,34,62078,505,107932,0.1679,24,0.0411,0.3572,89429.4
81,43,126288,754,470122,0.1381,12,0.0544,0.3943,457148.39
82,60,103524,572,407744,0.096,24,0.1185,0.3131,358728.1
83,41,116573,535,492028,0.1446,48,0.167,0.5589,410279.68
84,36,32219,820,448316,0.0742,24,0.0058,0.4173,404441.05
85,65,20235,800,377013,0.0887,36,0.2163,0.4463,333028.25
86,38,62929,416,406395,0.186,36,0.0959,0.0408,342929.23
87,67,147309,685,315925,0.0794,60,0.1091,0.268,298280.73
88,44,87444,643,191339,0.1099,36,0.127,0.2851,177229.25
89,46,28567,694,480595,0.1813,24,0.072,0.191,394055.37
90,45,121834,363,422168,0.1503,36,0.1458,0.3587,415868.13
91,65,90792,371,320942,0.0406,12,0.1091,0.0707,292600.89
92,61,85441,573,103696,0.055,36,0.0061,0.4448,88145.84
93,49,104555,619,55939,0.0313,48,0.084,0.6141,47059.15
94,35,93698,637,296660,0.1373,12,0.2266,0.2976,245394.07
95,65,144450,665,192598,0.1061,60,0.0972,0.1807,170435.26
96,21,137248,794,146521,0.0528,48,0.1754,0.6887,121188.72
97,45,25415,465,55290,0.1928,24,0.0761,0.1201,48830.1
98,27,56159,843,393832,0.12,24,0.1561,0.0752,326783.71
99,29,63925,310,353805,0.0711,24,0.1497,0.1389,329520.36
100,44,146523,600,340098,0.1151,48,0.0708,0.3527,325490.25
101,21,25951,401,289890,0.1455,48,0.0407,0.328,263772.23
102,64,107388,724,72990,0.043,48,0.078,0.2703,68319.47
103,28,28007,691,63810,0.0767,12,0.1202,0.5326,63023.59
104,44,146730,513,123362,0.1672,12,0.0123,0.4557,114439.76
105,31,61832,387,481513,0.1081,24,0.1497,0.2535,420279.78
106,37,78596,700,151295,0.1229,36,0.1588,0.2945,134636.82
107,28,141101,345,470453,0.1036,24,0.1536,0.2452,457329.73
108,55,50523,762,138669,0.0375,60,0.0082,0.4007,114560.57
109,55,108861,609,201749,0.0582,12,0.0703,0.4908,174542.62
110,53,144194,385,269803,0.1057,48,0.2729,0.1943,246992.78
111,25,106740,391,91516,0.0656,12,0.0396,0.3697,85592.89
112,62,35524,541,79567,0.0385,48,0.1048,0.0645,75803.47
113,59,149028,301,282181,0.1734,60,0.1636,0.0605,243703.18
114,61,39282,524,131498,0.1968,60,0.0915,0.2806,109034.44
115,48,43930,415,182810,0.1648,12,0.0116,0.4237,181158.83
116,27,20077,402,469894,0.1751,48,0.0682,0.0716,383094.45
117,29,125881,493,17109,0.0711,60,0.0637,0.2039,14015.03
118,28,145501,465,289154,0.1933,24,0.1025,0.3413,259946.12
119,32,40611,389,275931,0.0635,24,0.1838,0.5249,265957.25
120,54,36984,421,244472,0.1917,48,0.0406,0.4853,233446.51
121,53,34060,442,144544,0.1991,12,0.1362,0.2006,142742.96
122,68,102985,405,251183,0.151,60,0.039,0.2991,208060.03
123,43,104056,727,159455,0.1968,12,0.1643,0.3066,139546.32
124,44,145329,604,328853,0.1268,24,0.0365,0.0828,281639.06
125,57,63303,616,468001,0.0741,60,0.0328,0.0823,454978.42
126,55,79207,308,249325,0.1043,12,0.1002,0.7044,223811.8
127,64,95046,372,39518,0.1309,36,0.0481,0.0755,31826.6
128,60,49287,658,58909,0.0424,48,0.1019,0.4074,55468.3
129,42,113709,522,285495,0.1358,48,0.0374,0.1524,250590.27
130,47,59711,715,205696,0.1968,36,0.0163,0.4788,186407.75
131,55,31954,669,451546,0.0623,24,0.1119,0.1894,441954.03
132,21,93340,563,20282,0.1647,60,0.0563,0.3135,17267.03
133,55,92101,617,483082,0.1843,48,0.0225,0.3129,409679.11
134,57,91520,383,244017,0.1904,36,0.0482,0.1218,208058.29
135,67,107062,617,419994,0.1932,36,0.0956,0.0278,364395.87
136,34,122974,410,422480,0.1186,24,0.0212,0.2982,347054.98
137,23,38574,550,457891,0.1961,24,0.0351,0.3984,430162.92
138,21,29184,682,272219,0.1587,12,0.164,0.5602,229066.77
139,25,39096,306,474164,0.0575,48,0.0451,0.034,467160.19
140,46,87728,758,184526,0.1111,12,0.0425,0.207,155580.75
141,34,54016,383,33365,0.1521,36,0.0719,0.1273,28397.9
142,59,31246,507,470982,0.072,60,0.0793,0.3191,404763.84
143,47,65558,689,446416,0.1389,60,0.2143,0.554,425750.34
144,29,138721,613,278146,0.1433,24,0.0578,0.1812,246304.21
145,35,38381,321,281091,0.0577,60,0.0719,0.0655,270934.32
146,35,147796,709,215294,0.1261,60,0.1582,0.3627,206030.06
147,46,56455,814,361984,0.1612,60,0.0559,0.4794,356879.33
148,62,112263,426,121219,0.1148,36,0.0367,0.627,115318.16
149,33,24018,313,345754,0.0321,60,0.0366,0.0676,280192.9
150,52,31302,311,319286,0.0315,60,0.0953,0.15,308895.24
151,59,87506,386,61307,0.0907,60,0.0888,0.0462,60547.68
152,69,61157,823,140565,0.1875,12,0.0468,0.8192,140387.58
153,52,74917,836,260095,0.0689,36,0.0502,0.6121,214592.29
154,24,112738,600,317229,0.1378,24,0.0281,0.2418,292692.81
155,50,116646,542,39228,0.0678,12,0.2444,0.2995,32947.27
156,57,103122,421,215748,0.0847,48,0.0295,0.3569,183925.59
157,43,44519,446,450091,0.1742,36,0.0941,0.2789,427188.96
158,59,116809,655,429871,0.1539,36,0.0844,0.1061,427951.0
159,65,107487,608,48472,0.0462,48,0.0652,0.1903,44544.37
160,35,76819,587,316581,0.1029,48,0.04,0.0574,307120.58
161,63,100910,606,447632,0.035,48,0.0905,0.3035,358900.93
162,49,140430,848,326855,0.1118,24,0.0244,0.3188,263878.65
163,56,91324,651,142888,0.1426,60,0.0322,0.2899,131363.35
164,33,25408,611,82175,0.0501,36,0.1054,0.5471,72132.94
165,52,79379,358,69307,0.0791,60,0.0393,0.1719,67778.89
166,27,45053,334,313877,0.0976,60,0.0118,0.2197,270058.64
167,42,29446,744,395346,0.1863,48,0.1333,0.1716,350438.73
168,48,20922,392,100028,0.1989,24,0.1455,0.5446,90583.54
169,22,118723,506,147312,0.0376,12,0.0604,0.4089,125893.98
170,62,71356,652,496450,0.1594,24,0.0328,0.0526,487364.46
171,65,30789,631,97493,0.0932,60,0.1209,0.1722,87052.15
172,26,117720,458,130149,0.0967,24,0.0687,0.2129,115159.89
173,48,86656,323,234416,0.1582,48,0.1104,0.2402,227371.94
174,48,64028,703,207435,0.1861,12,0.1455,0.3815,178891.05
175,64,84484,815,168834,0.1917,48,0.0568,0.4878,162670.39
176,64,52154,663,275403,0.1281,12,0.1001,0.4946,227057.26
177,40,102870,681,186211,0.0907,60,0.0145,0.1769,155776.25
178,50,22336,831,395919,0.1639,12,0.0732,0.11,392026.46
179,31,123677,451,281993,0.0727,12,0.1157,0.0548,273107.26
180,48,87779,719,348912,0.1259,12,0.1279,0.1285,306198.12
181,45,39029,549,373252,0.091,24,0.1027,0.2471,346262.63
182,59,79201,416,356853,0.1416,24,0.0673,0.2913,352782.75
183,53,52265,811,322013,0.0709,60,0.0605,0.3333,271254.66
184,21,122916,634,394032,0.0626,12,0.0535,0.1218,319876.0
185,47,132250,717,68095,0.1861,36,0.0338,0.2187,61795.78
186,33,136553,594,122886,0.0473,60,0.1082,0.3167,101813.43
187,61,63872,670,338054,0.116,12,0.0223,0.3747,283107.99
188,23,66197,485,484926,0.0675,12,0.0103,0.1042,474406.91
189,59,145733,545,290711,0.0366,24,0.0816,0.4955,232999.25
190,26,75180,567,40292,0.0361,60,0.0652,0.142,38815.86
191,28,43710,536,79813,0.0598,12,0.0794,0.2258,72102.28
192,47,49486,829,102136,0.1774,12,0.0556,0.108,93133.62
193,29,91907,320,56631,0.078,60,0.1165,0.3471,52913.38
194,57,148876,819,14885,0.1916,36,0.1228,0.055,13192.41
195,53,91895,399,457875,0.1289,60,0.0519,0.4653,376887.16
196,62,84435,777,190378,0.1042,60,0.0423,0.4865,156217.34
197,64,60631,597,333458,0.1286,36,0.1519,0.1788,317076.02
198,44,149038,825,332231,0.1178,60,0.0905,0.3076,280471.75
199,35,121532,633,427381,0.159,12,0.0693,0.4094,344306.83
200,52,40103,301,457145,0.078,60,0.075,0.3033,455281.12
201,52,84772,674,465244,0.09,36,0.1026,0.2663,463419.45
202,44,146108,592,363142,0.182,48,0.0531,0.404,317977.4
203,61,34382,617,54812,0.1909,60,0.038,0.3155,44129.4
204,69,104291,801,186572,0.1817,24,0.0444,0.6811,176395.04
205,69,121195,680,477367,0.1013,12,0.0678,0.0822,461233.15
206,32,23756,313,325787,0.1627,12,0.0951,0.4209,268775.17
207,59,40609,803,49900,0.111,24,0.1024,0.3696,41271.88
208,22,134074,530,441162,0.1146,24,0.0138,0.4213,425476.4
209,23,36478,383,406067,0.0648,60,0.2661,0.344,399724.83
210,69,120978,429,283432,0.1305,24,0.1543,0.3436,271570.64
211,57,59666,444,77692,0.0616,48,0.0385,0.2865,65272.86
212,69,95683,327,465796,0.0864,36,0.0477,0.3113,410973.79
213,37,119097,365,405584,0.1754,24,0.1554,0.3441,373205.61
214,69,144714,462,352580,0.0652,24,0.1234,0.2287,293367.25
215,22,120420,528,232208,0.0421,48,0.1385,0.0831,195547.12
216,22,91315,560,51403,0.0417,12,0.0641,0.4876,44030.64
217,48,97834,748,96170,0.1899,12,0.1095,0.2543,86735.98
218,43,146205,723,276312,0.1162,60,0.1443,0.2967,249277.9
219,57,34153,759,484713,0.0996,48,0.0694,0.0827,466710.23
220,52,129415,600,317023,0.1678,36,0.069,0.2885,301362.71
221,53,96325,602,64871,0.1721,36,0.1087,0.1139,63751.79
222,21,129701,586,487604,0.0865,48,0.0109,0.1506,471308.44
223,39,32999,694,496862,0.1479,36,0.0513,0.4885,422718.02
224,22,75318,309,37174,0.1611,12,0.1232,0.107,32202.33
225,64,20814,569,235823,0.1413,36,0.0411,0.3041,212260.66
226,46,135033,660,228563,0.0558,36,0.2046,0.1698,183502.77
227,52,96077,556,142653,0.1789,48,0.0088,0.0565,139911.27
228,26,110474,432,115155,0.1216,48,0.0951,0.5723,93145.29
229,52,22443,575,338997,0.078,36,0.1914,0.2817,293058.92
230,24,95993,812,331190,0.1023,24,0.0689,0.0597,302653.0
231,31,95916,612,316822,0.0364,48,0.0619,0.0894,286270.31
232,37,93319,583,293793,0.0517,60,0.0611,0.5199,273489.55
233,58,145885,420,132795,0.1601,60,0.0624,0.4197,120246.41
234,44,129777,406,93668,0.03,12,0.0572,0.2923,79224.42
235,25,37368,503,218397,0.1008,36,0.1265,0.0663,183500.57
236,54,35328,464,150639,0.1188,24,0.1619,0.2953,147844.56
237,26,76942,604,478620,0.0393,12,0.0449,0.315,408163.95
238,42,111751,796,357050,0.1954,36,0.1194,0.1001,305704.58
239,31,119131,455,244141,0.0684,48,0.0558,0.3723,215476.55
240,68,47306,666,101019,0.0817,60,0.0147,0.1832,83632.38
241,36,105451,550,460160,0.0817,24,0.0332,0.1861,414813.33
242,53,59915,633,345146,0.0692,60,0.0986,0.2712,322023.41
243,29,57219,810,33803,0.0303,48,0.0205,0.6221,32356.23
244,26,100879,592,154302,0.154,36,0.0746,0.2749,145397.36
245,36,131939,319,153934,0.1944,48,0.107,0.49,127692.44
246,49,84644,581,441571,0.0681,48,0.0148,0.1861,393534.01
247,23,80279,300,429475,0.1427,60,0.0206,0.4405,346894.36
248,40,73028,418,235147,0.1561,24,0.1502,0.4205,188954.63
249,56,124263,334,485661,0.1742,48,0.0633,0.4945,431279.64
250,39,20126,497,35795,0.1018,60,0.1333,0.0582,30446.94
251,46,72329,784,275914,0.0815,24,0.0624,0.1666,258440.96
252,23,47632,358,16093,0.0853,36,0.1206,0.2797,15205.44
253,39,127099,460,444787,0.1511,36,0.1527,0.5299,435482.39
254,40,85310,505,398409,0.1689,12,0.0295,0.0793,379339.75
255,52,129945,311,367455,0.0609,60,0.2468,0.3794,297509.51
256,27,75176,789,284713,0.0931,24,0.0649,0.2716,248931.58
257,61,139797,575,278334,0.1833,48,0.1548,0.4415,237865.54
258,53,106066,541,329968,0.1671,36,0.1313,0.1432,289456.67
259,60,125500,515,178824,0.1974,24,0.0761,0.1886,148784.27
260,59,146413,550,168399,0.1582,60,0.1032,0.2338,138009.85
261,38,64327,425,309214,0.0968,12,0.0675,0.0424,279590.34
262,60,88904,516,484141,0.1304,36,0.1155,0.4111,457066.03
263,21,23797,605,45197,0.1424,24,0.1779,0.2884,42502.45
264,31,67882,484,7261,0.0433,24,0.043,0.1258,6463.66
265,48,33718,338,492121,0.1226,24,0.1988,0.1548,445101.69
266,45,54560,522,162584,0.1506,60,0.1012,0.1968,146856.56
267,43,96589,483,404932,0.0584,60,0.1188,0.247,379953.4
268,51,42116,794,353939,0.1627,60,0.0549,0.2332,286543.72
269,50,56244,726,296077,0.1292,48,0.1043,0.5196,278898.38
270,62,121721,477,140450,0.1919,24,0.0879,0.2863,128714.02
271,55,21645,727,45583,0.0372,36,0.14,0.286,38272.48
272,27,67523,593,379226,0.0751,60,0.0094,0.1737,307101.68
273,36,144085,450,352515,0.1323,60,0.0165,0.5397,289663.53
274,46,137718,683,165105,0.0804,24,0.0209,0.1236,149409.83
275,68,39256,607,422216,0.1515,60,0.1121,0.3396,401815.24
276,69,121376,635,116032,0.159,48,0.0418,0.4854,100591.79
277,22,120158,674,211940,0.0474,48,0.0338,0.2499,185622.3
278,21,73173,307,309748,0.1174,60,0.1126,0.263,305668.4
279,68,57430,640,466552,0.1165,24,0.0528,0.0828,393117.94
280,32,59282,428,362218,0.0928,24,0.0511,0.3717,297290.38
281,25,139719,651,231727,0.1886,24,0.1891,0.506,201297.08
282,57,83374,657,78869,0.1707,12,0.0357,0.5754,74861.23
283,52,88244,816,272554,0.1485,60,0.0269,0.1528,252171.17
284,29,31694,794,350519,0.1514,24,0.0434,0.1141,309564.04
285,61,76264,385,192116,0.1085,48,0.0966,0.2168,190761.68
286,55,95060,474,199387,0.1866,36,0.0362,0.1827,188819.35
287,39,117416,492,363199,0.1481,36,0.0342,0.0781,295052.8
288,68,77545,610,207416,0.1539,24,0.0299,0.0471,196822.5
289,36,138195,418,405012,0.1765,36,0.0881,0.1518,325956.78
290,23,59224,517,91716,0.0766,36,0.0664,0.1168,85301.81
291,40,122516,726,59245,0.1672,12,0.082,0.4927,49890.01
292,44,117945,713,48056,0.0632,48,0.0863,0.0856,45138.45
293,53,33224,413,415925,0.0887,48,0.0548,0.1797,358509.01
294,44,60738,444,255736,0.0871,12,0.1364,0.0764,249240.63
295,31,45150,837,325701,0.1963,12,0.0803,0.2037,282507.43
296,69,83731,602,284687,0.1756,36,0.1051,0.4588,263033.47
297,28,69688,644,435634,0.1492,60,0.1403,0.2626,373419.15
298,56,119929,300,230683,0.1536,36,0.1062,0.0404,226863.88
299,58,128618,446,363182,0.1256,12,0.0563,0.2031,347274.34
300,60,93509,586,414940,0.191,48,0.1322,0.2057,352143.22
301,40,28577,352,270972,0.1144,36,0.0287,0.1761,268197.07
302,55,28070,603,121656,0.0947,60,0.0613,0.4466,106014.87
303,68,146161,368,22087,0.0577,36,0.0108,0.5284,20549.15
304,45,28666,660,410821,0.1637,24,0.139,0.5482,389692.74
305,55,77761,519,298481,0.1549,36,0.0783,0.2775,240151.97
306,45,141178,460,141554,0.0953,12,0.1375,0.674,140392.33
307,49,56368,388,332477,0.0343,48,0.0524,0.3733,288885.36
308,38,26783,458,490757,0.1726,48,0.0676,0.0637,411232.66
309,66,131530,788,486512,0.0319,12,0.1655,0.2713,471985.51
310,38,61914,623,187024,0.1496,24,0.0458,0.3172,175911.01
311,22,90507,680,141535,0.1949,12,0.0839,0.0096,115683.44
312,55,147738,401,248236,0.1044,36,0.0672,0.1557,204399.74
313,36,99026,793,75448,0.0699,12,0.0978,0.1321,71150.36
314,61,135893,318,9648,0.1498,12,0.135,0.0635,7862.7
315,56,131255,753,397720,0.1689,24,0.0789,0.3147,391131.8
316,53,130616,781,300767,0.1229,36,0.0246,0.0697,285219.76
317,24,87526,696,457372,0.1944,60,0.1606,0.418,396586.55
318,53,90835,578,40634,0.0388,60,0.0768,0.2986,35456.73
319,34,65765,664,442818,0.1158,48,0.2241,0.3387,399111.52
320,41,39956,630,381742,0.1521,12,0.1071,0.302,332953.04
321,68,107895,643,316478,0.1766,48,0.0971,0.25,302772.51
322,40,66240,754,335792,0.0605,24,0.1222,0.2292,334095.37
323,28,141008,364,27054,0.166,60,0.0835,0.4765,24805.93
324,27,57148,375,75028,0.124,12,0.0588,0.3262,66715.46
325,23,114270,442,27207,0.0974,24,0.034,0.1916,22977.8
326,37,147978,772,478866,0.0524,24,0.0639,0.3576,445674.21
327,53,24757,716,235893,0.1771,12,0.0923,0.4141,221058.96
328,68,39097,604,86554,0.0567,24,0.0225,0.4746,81104.4
329,32,30395,796,157458,0.0827,12,0.1694,0.2089,126816.2
330,42,36241,590,88276,0.0793,12,0.11,0.3757,86494.98
331,42,123892,401,457734,0.1781,36,0.0287,0.1525,397139.77
332,66,47696,566,319925,0.1444,48,0.0274,0.1373,303555.45
333,50,135654,302,188852,0.1654,24,0.0772,0.4536,179779.81
334,58,90480,384,197512,0.0726,24,0.0477,0.2476,183708.08
335,58,66163,627,442415,0.1362,36,0.1038,0.1208,388870.97
336,65,39816,749,328179,0.1272,36,0.0523,0.2,302474.98
337,28,69840,753,13210,0.1716,36,0.1958,0.1211,10674.2
338,47,122547,520,49363,0.184,60,0.1252,0.5088,47012.29
339,47,72853,453,247247,0.0321,60,0.1005,0.1205,202722.2
340,54,44917,311,83279,0.1446,60,0.087,0.5689,73231.4
341,41,116731,432,196420,0.0388,12,0.1815,0.3228,161206.56
342,50,41566,603,191356,0.1233,24,0.0313,0.261,185120.64
343,53,95452,592,208196,0.0789,48,0.081,0.1772,189470.95
344,48,82823,599,204919,0.0822,12,0.0893,0.2073,192253.17
345,67,141392,342,420648,0.09,24,0.0592,0.349,393943.76
346,53,40806,642,262324,0.1356,24,0.176,0.2692,254013.9
347,25,95520,625,200161,0.0868,36,0.0124,0.2183,165435.84
348,68,21759,797,453614,0.1546,36,0.2371,0.3236,422743.58
349,39,146092,663,235363,0.0988,12,0.0436,0.1289,215363.46
350,24,61949,726,139393,0.0416,36,0.1105,0.3213,112375.77
351,55,112374,320,348492,0.1632,24,0.0675,0.2424,292832.45
352,69,22482,706,435599,0.0786,36,0.0819,0.2697,371789.98
353,37,44442,635,380960,0.1036,60,0.0576,0.2055,310296.22
354,64,53719,416,214754,0.1465,36,0.022,0.2043,187038.7
355,48,78066,423,128053,0.0865,24,0.0575,0.0752,103139.07
356,50,113501,698,477406,0.0396,12,0.0333,0.4596,434743.42
357,49,22079,350,188965,0.0936,48,0.1691,0.5289,159165.26
358,66,22717,623,171892,0.1906,36,0.1058,0.1852,147380.31
359,26,79676,440,333406,0.1391,24,0.0193,0.1654,327436.14
360,55,47952,769,139832,0.1442,48,0.1163,0.2002,125927.58
361,61,106444,633,158262,0.1375,48,0.042,0.4246,135124.54
362,57,62460,672,72411,0.0638,60,0.1724,0.209,66595.84
363,44,110397,793,290521,0.1011,48,0.0009,0.2476,244134.76
364,49,92847,838,444953,0.1577,24,0.0203,0.3419,362582.92
365,69,113607,455,467785,0.0472,24,0.0827,0.2134,376183.94
366,66,109106,590,43211,0.0772,36,0.1108,0.3656,42792.1
367,51,38449,443,218981,0.077,36,0.064,0.2823,206920.0
368,55,53536,405,270888,0.1034,36,0.1474,0.2538,260049.67
369,53,84077,719,261638,0.1967,48,0.2468,0.257,260639.47
370,41,58258,301,292139,0.0415,48,0.0484,0.1707,288144.22
371,52,68302,389,153049,0.1182,60,0.0226,0.382,144995.97
372,43,145937,644,234010,0.0605,36,0.0691,0.1939,219687.98
373,53,48865,649,39542,0.195,12,0.1051,0.1473,34297.54
374,23,26645,758,15651,0.0493,60,0.0709,0.0691,12846.39
375,38,139771,562,104239,0.0986,12,0.018,0.1712,95352.05
376,45,58000,650,346075,0.1554,48,0.1571,0.0594,316745.37
377,62,46737,407,231416,0.1498,60,0.0817,0.1748,229205.39
378,51,31485,338,369256,0.1019,60,0.0581,0.352,328089.19
379,23,58565,458,283859,0.0889,24,0.1431,0.1418,266305.59
380,60,45522,611,442625,0.0976,48,0.1126,0.3026,404999.27
381,66,139614,540,160378,0.0749,48,0.0948,0.3696,133972.09
382,44,85155,744,155158,0.0649,60,0.016,0.2567,142499.1
383,52,75168,597,412592,0.1121,48,0.1782,0.3718,374643.17
384,67,72487,335,328494,0.0757,60,0.0741,0.7557,295244.23
385,42,149948,383,338569,0.0789,24,0.049,0.4451,305621.02
386,43,32342,751,434852,0.1416,60,0.0751,0.487,362143.7
387,22,60806,684,353264,0.1947,48,0.0428,0.3534,315357.2
388,47,68770,471,382033,0.1326,48,0.2089,0.3806,351902.31
389,62,98623,675,449865,0.0431,60,0.0648,0.089,403929.21
390,22,123177,661,432826,0.0428,60,0.0909,0.2359,388564.02
391,46,119785,440,146130,0.1917,60,0.0373,0.4232,119169.53
392,37,95629,417,260948,0.0805,36,0.1232,0.274,218714.83
393,60,140993,576,341781,0.0457,48,0.0633,0.2906,295365.27
394,53,72603,519,476249,0.1318,48,0.0713,0.1924,420941.92
395,29,146944,325,337338,0.136,36,0.0886,0.1811,309941.93
396,63,132726,820,344061,0.1402,60,0.169,0.4341,334657.48
397,68,101974,309,69200,0.0755,24,0.0544,0.1534,57562.84
398,59,125947,677,110848,0.0326,60,0.038,0.75,89012.9
399,49,46399,451,111022,0.1941,60,0.1844,0.0773,98792.64
400,62,148177,348,182691,0.0727,36,0.0838,0.3131,161941.06
401,46,105382,453,415370,0.1449,48,0.0608,0.197,378144.64
402,55,101244,592,417755,0.1501,60,0.2117,0.1947,403820.51
403,45,129575,349,261453,0.1337,48,0.1253,0.3083,251118.31
404,44,135520,830,327202,0.0832,12,0.1286,0.3456,268308.47
405,33,130904,359,67068,0.0761,48,0.0276,0.0191,66182.64
406,27,96534,466,475529,0.1316,24,0.1189,0.2581,390924.25
407,56,75106,501,367076,0.1772,24,0.0237,0.1989,340247.92
408,65,132599,445,166445,0.1909,60,0.082,0.8137,155539.73
409,40,50678,738,169226,0.048,48,0.0406,0.2579,158391.39
410,21,96218,541,142103,0.0563,60,0.0986,0.0452,121223.84
411,28,83230,782,229605,0.1906,36,0.1459,0.3581,198853.78
412,66,134684,407,208047,0.1552,24,0.192,0.5456,189267.72
413,36,94055,525,289929,0.1801,60,0.1084,0.3693,243516.44
414,34,76373,731,477144,0.0644,36,0.1236,0.0174,383653.4
415,32,51480,718,254768,0.1299,60,0.1529,0.1378,232457.68
416,43,105230,754,164741,0.1492,48,0.1182,0.5894,147122.89
417,35,88836,459,99475,0.1456,48,0.191,0.3464,92645.67
418,48,92258,822,7282,0.0994,48,0.1651,0.2841,6039.25
419,54,59986,376,170696,0.0326,48,0.054,0.1327,165265.3
420,22,44160,808,184510,0.1291,12,0.0373,0.1373,153003.87
421,52,105595,740,225972,0.073,36,0.025,0.4811,221061.34
422,43,121358,553,334678,0.1065,36,0.0667,0.3048,297831.37
423,42,99111,619,167777,0.1928,48,0.186,0.3539,152670.54
424,45,84929,562,436460,0.0978,12,0.0937,0.1257,427432.38
425,42,93506,673,342108,0.1728,48,0.1297,0.5682,294206.93
426,42,54911,466,173509,0.0621,12,0.0358,0.042,145116.92
427,69,107127,758,213944,0.1443,48,0.1289,0.0577,190228.38
428,62,51821,579,473094,0.1961,24,0.0445,0.1105,401596.93
429,26,95039,601,124006,0.0473,24,0.1638,0.3066,112295.96
430,35,80535,830,241440,0.0314,60,0.0398,0.3647,206443.65
431,63,133453,517,209054,0.1037,48,0.0364,0.4851,203388.2
432,57,104458,401,317727,0.0457,36,0.1564,0.2613,292774.28
433,53,32175,587,305536,0.1572,60,0.0886,0.4472,244443.51
434,28,139235,466,12461,0.1855,24,0.0306,0.1709,11976.2
435,64,74771,335,105123,0.1038,48,0.0662,0.1624,91040.98
436,64,126660,652,277660,0.074,60,0.021,0.0882,239909.79
437,25,147157,372,477501,0.1038,48,0.0864,0.5592,418583.38
438,59,141300,652,153586,0.153,24,0.0841,0.2095,142228.7
439,24,106925,369,388395,0.0315,60,0.0868,0.4946,345054.83
440,26,133374,724,499178,0.1302,24,0.1194,0.3001,462102.61
441,65,86358,816,434484,0.1343,12,0.0143,0.4202,360341.98
442,52,37327,727,488702,0.1384,24,0.0146,0.2844,485785.86
443,50,67057,838,236496,0.0711,48,0.0887,0.5267,223706.59
444,67,26150,459,172860,0.1514,36,0.0079,0.1715,146938.16
445,55,24425,448,211821,0.0455,24,0.0276,0.506,200135.68
446,60,143654,529,197121,0.0639,36,0.0779,0.1137,180366.72
447,36,36032,366,329637,0.1792,12,0.0182,0.7306,270908.15
448,33,22198,680,41027,0.1556,60,0.1067,0.516,34283.77
449,62,80500,357,360691,0.0323,60,0.1559,0.3425,291532.7
450,50,73394,558,178921,0.0722,36,0.0985,0.4692,172094.74
451,39,40079,641,367271,0.0664,60,0.0497,0.2813,334341.83
452,37,56220,429,153930,0.076,24,0.0425,0.6688,132895.42
453,39,61874,471,220234,0.0721,36,0.1437,0.6564,181752.29
454,48,33859,508,84003,0.0406,48,0.0763,0.1347,75334.66
455,46,70460,653,188467,0.108,24,0.0672,0.0564,170572.49
456,57,51419,770,44758,0.1546,24,0.0598,0.3583,42089.96
457,46,138865,415,321456,0.1331,24,0.064,0.239,319523.23
458,43,28705,563,335814,0.1444,48,0.0131,0.5025,297863.36
459,29,62880,741,87279,0.0438,12,0.1722,0.5031,76910.85
460,32,149838,847,20434,0.1918,60,0.1482,0.2379,17859.03
461,21,43236,752,200119,0.1725,36,0.21,0.2707,193191.84
462,21,107955,776,445991,0.1669,12,0.0596,0.2652,370736.01
463,67,105514,586,342913,0.1699,36,0.1313,0.085,297909.98
464,54,123145,602,250754,0.1886,60,0.1023,0.3972,236961.07
465,52,35358,610,333821,0.1225,48,0.0323,0.2448,268104.66
466,68,119713,507,88555,0.064,24,0.1767,0.2254,75969.22
467,45,114914,745,133379,0.1349,24,0.159,0.2123,123814.32
468,60,122870,354,221992,0.1563,48,0.2269,0.2275,185849.58
469,65,96918,311,244511,0.1554,12,0.1045,0.3267,210412.01
470,21,139179,699,181806,0.1186,12,0.0711,0.1113,163117.98
471,36,136243,814,368809,0.0416,36,0.1963,0.4063,326176.42
472,59,34596,841,486719,0.0931,48,0.0117,0.1374,399696.29
473,25,53572,536,438819,0.1865,12,0.0525,0.1645,433398.3
474,42,98757,578,474924,0.1294,48,0.0417,0.5016,384146.34
475,49,21279,647,480142,0.1215,60,0.0478,0.2463,456110.2
476,23,83197,403,73803,0.0757,24,0.1235,0.3188,60096.64
477,32,131496,816,437548,0.0926,24,0.0505,0.2465,390931.27
478,46,82516,547,358847,0.1822,24,0.0425,0.0965,299666.76
479,36,27083,663,288456,0.1433,48,0.0171,0.3538,238904.9
480,57,140674,620,229448,0.1639,48,0.0722,0.1791,189335.81
481,42,140307,585,482742,0.1072,36,0.1273,0.1439,429909.43
482,49,146457,448,180251,0.1371,24,0.0515,0.5722,162784.13
483,34,129397,383,207514,0.0722,36,0.1453,0.4001,171547.03
484,48,37771,705,250404,0.1499,24,0.034,0.2235,249372.12
485,25,49975,755,122961,0.1027,36,0.2371,0.524,104707.83
486,67,65648,460,307523,0.1052,36,0.1661,0.686,274239.25
487,69,145641,759,22297,0.1404,60,0.0571,0.4239,18802.03
488,50,68285,849,269155,0.1892,36,0.1414,0.066,241912.35
489,66,39063,799,125234,0.0409,48,0.0745,0.2455,119123.0
490,25,87642,808,49014,0.1702,36,0.0597,0.1557,44319.46
491,32,110093,780,248166,0.0797,24,0.0558,0.1215,212710.47
492,36,134390,413,409954,0.1055,36,0.0333,0.2985,348329.44
493,46,106143,660,361477,0.0337,12,0.0895,0.1677,344049.07
494,46,57599,640,183570,0.0812,24,0.0426,0.2788,151197.0
495,68,71920,748,263864,0.1154,12,0.0877,0.4541,230615.37
496,41,48529,479,278264,0.0395,24,0.0827,0.1149,231041.64
497,59,55954,706,406983,0.1135,48,0.1039,0.4015,346584.76
498,56,47856,495,289996,0.1876,48,0.0461,0.3419,240852.31
499,53,22573,765,346383,0.0479,48,0.1349,0.1794,338538.98
500,50,98344,610,399145,0.16,12,0.1071,0.394,377743.18
501,57,55367,561,213559,0.0996,60,0.0548,0.4384,194805.41
502,43,122337,718,96575,0.1414,24,0.0462,0.3813,81594.77
503,30,126732,705,100040,0.0742,48,0.1436,0.3731,90240.62
504,25,119608,442,153510,0.0571,24,0.0956,0.0169,138798.62
505,56,80774,641,184587,0.0573,12,0.0884,0.204,169465.77
506,54,43752,615,10744,0.042,60,0.0094,0.2908,8724.31
507,51,75029,400,219892,0.0616,12,0.15,0.182,218700.27
508,30,37685,543,440633,0.1429,24,0.1881,0.3216,393523.95
509,39,71693,789,405285,0.1799,60,0.0633,0.2109,399329.89
510,52,136739,311,309503,0.1684,60,0.0153,0.2025,248209.53
511,21,75961,538,155871,0.1465,12,0.0724,0.1251,132414.23
512,25,126937,341,365890,0.0488,48,0.0951,0.1,300322.19
513,65,144956,728,229834,0.0792,24,0.0935,0.1298,219243.99
514,24,96908,457,125906,0.0827,36,0.0996,0.3425,108785.93
515,36,145537,515,206260,0.0725,36,0.0337,0.1917,199680.0
516,44,146678,761,225931,0.1176,12,0.1388,0.2646,218357.13
517,36,94532,433,258593,0.121,24,0.0607,0.1699,241411.81
518,22,101994,366,243746,0.0907,24,0.0216,0.4765,227453.13
519,69,76133,306,12597,0.0901,12,0.1203,0.1086,11841.58
520,48,117425,825,314237,0.1709,24,0.0443,0.4902,293733.91
521,52,145055,372,435442,0.1642,48,0.0531,0.1595,382048.83
522,47,81268,698,208199,0.0823,12,0.0357,0.0494,194992.01
523,40,112201,704,381794,0.1853,48,0.0284,0.3886,373960.12
524,44,58243,429,489585,0.192,24,0.0509,0.3342,424232.6
525,32,77384,765,213434,0.0855,12,0.0435,0.0549,211081.49
526,55,51653,505,162489,0.0903,24,0.0296,0.2473,130432.57
527,53,46657,565,416909,0.116,12,0.0238,0.4014,362634.33
528,53,59952,836,477890,0.19,24,0.0969,0.2192,394937.7
529,63,42180,552,388100,0.179,48,0.0583,0.1081,320308.23
530,57,117432,588,120598,0.0474,48,0.1674,0.5183,116146.23
531,32,141829,463,255100,0.0968,24,0.065,0.129,250935.15
532,23,148377,394,263589,0.1241,12,0.0816,0.4198,251872.9
533,21,98411,409,189233,0.1155,36,0.0283,0.3275,188347.98
534,53,21622,635,257388,0.063,48,0.019,0.369,217046.5
535,60,68756,537,138241,0.176,48,0.0353,0.3485,114485.66
536,30,60809,680,220164,0.1451,36,0.1012,0.29,199059.25
537,63,36725,735,158124,0.1724,24,0.0204,0.329,152717.35
538,64,81396,782,470065,0.176,12,0.0846,0.4014,379797.39
539,49,71226,324,209923,0.1572,24,0.0847,0.3506,209736.83
540,33,126296,416,13036,0.1047,60,0.1959,0.2914,11998.98
541,32,101182,781,36778,0.1338,48,0.0692,0.3507,36623.1
542,51,102565,691,425950,0.0573,60,0.0391,0.5556,371861.3
543,66,49402,836,159245,0.1445,48,0.1467,0.9006,141983.6
544,22,24263,378,166475,0.0605,48,0.0525,0.1903,158229.87
545,55,143489,472,464537,0.148,60,0.0539,0.5044,445277.34
546,43,116523,311,207747,0.069,60,0.0509,0.5918,175879.98
547,37,66828,427,404560,0.05,24,0.1814,0.0837,398880.07
548,46,140824,391,23800,0.0581,60,0.0733,0.3297,23168.93
549,28,67924,842,292516,0.0303,24,0.0562,0.3432,235077.87
550,49,94182,831,328660,0.1522,24,0.097,0.6327,271379.04
551,46,113065,746,287682,0.1545,24,0.0414,0.3958,258689.24
552,30,79052,689,331062,0.1175,48,0.2075,0.0552,295370.57
553,46,31664,342,413189,0.0574,48,0.0542,0.4584,389091.06
554,54,55737,553,338299,0.0442,60,0.1578,0.1712,276709.05
555,61,121332,429,236312,0.0333,48,0.0262,0.0407,219527.01
556,27,109563,359,64500,0.0582,60,0.1103,0.6473,59551.17
557,24,49373,766,172647,0.1814,48,0.1267,0.1766,146184.34
558,65,137369,586,241527,0.0711,12,0.1495,0.0417,219422.16
559,31,56397,816,440477,0.0902,12,0.0294,0.2684,371957.03
560,49,148575,766,115659,0.0479,60,0.1661,0.253,95925.79
561,56,106145,644,32716,0.0678,48,0.1592,0.345,29922.94
562,45,121371,681,401452,0.1183,48,0.129,0.2856,399643.4
563,41,58709,552,414064,0.1333,24,0.1708,0.0868,350872.31
564,56,136074,355,7352,0.0717,36,0.0935,0.2214,6404.09
565,30,81120,762,138004,0.0398,60,0.006,0.3313,117484.83
566,57,39250,756,343593,0.0965,36,0.0779,0.2756,293185.15
567,29,41172,382,13556,0.0698,36,0.0437,0.1324,11940.65
568,44,31555,398,266973,0.0673,60,0.0611,0.6008,251053.69
569,55,107410,448,353980,0.1932,48,0.1334,0.2898,285931.21
570,69,98617,628,141570,0.1348,60,0.0729,0.051,140356.01
571,55,73276,455,212190,0.1247,36,0.0582,0.2576,171716.03
572,68,77492,489,55098,0.1007,48,0.0754,0.2926,53789.46
573,56,73002,793,462602,0.1029,12,0.0745,0.6657,452829.82
574,38,140103,562,379313,0.122,60,0.0768,0.2951,343239.51
575,69,144938,379,145641,0.1484,60,0.0204,0.1202,120503.27
576,59,109599,699,252199,0.1494,48,0.0608,0.4871,230265.05
577,52,92355,559,131060,0.0592,12,0.1077,0.5663,121325.71
578,44,111248,400,192954,0.115,12,0.1109,0.1865,187464.8
579,43,44762,658,206465,0.1,48,0.0395,0.0305,187920.12
580,52,31046,679,135544,0.178,24,0.1017,0.4503,119569.04
581,57,116999,520,5340,0.1373,60,0.0398,0.3643,5167.29
582,32,144130,719,180021,0.1205,60,0.0249,0.1271,179335.18
583,69,136021,423,87302,0.0496,36,0.1059,0.7503,81105.36
584,33,48769,721,460659,0.133,48,0.0959,0.4593,449086.05
585,43,73302,530,227740,0.0499,36,0.0946,0.1077,209463.19
586,45,43150,362,472243,0.0873,36,0.0398,0.5904,442943.91
587,55,88247,784,5138,0.0543,12,0.0503,0.2733,4817.56
588,61,24853,782,398574,0.1477,60,0.0092,0.14,375041.15
589,50,114613,818,124619,0.0651,36,0.0638,0.1955,107696.07
590,37,140900,454,473466,0.0966,12,0.2836,0.0913,433284.02
591,69,109399,391,352520,0.1823,48,0.0329,0.1229,323904.94
592,40,41792,825,104931,0.0647,36,0.1686,0.1348,90556.96
593,68,79129,754,428870,0.1163,60,0.0788,0.2318,373104.24
594,45,126019,809,161951,0.1013,36,0.0683,0.4888,154250.13
595,42,94478,482,348676,0.0331,48,0.0247,0.3493,319577.16
596,33,133811,685,322922,0.1648,36,0.1109,0.4135,267974.31
597,39,134130,704,42772,0.0417,60,0.0453,0.3101,41383.08
598,69,87298,545,63478,0.1106,12,0.0993,0.1462,61994.07
599,56,51987,770,462569,0.1253,60,0.0588,0.4441,413179.69
600,32,35850,722,31762,0.1368,12,0.0406,0.2598,26736.66
601,61,32112,364,149355,0.1471,24,0.0922,0.4833,147789.95
602,39,141789,312,199994,0.0731,60,0.104,0.3897,195284.92
603,32,44058,512,175492,0.0317,60,0.069,0.3048,148971.01
604,29,65420,541,322712,0.153,48,0.0411,0.4711,264339.45
605,27,58890,792,352234,0.1211,36,0.0529,0.5742,312829.84
606,48,86017,512,287363,0.1721,12,0.1247,0.1156,268764.69
607,34,67304,637,324313,0.1696,12,0.0872,0.118,270826.56
608,51,52921,472,498671,0.1734,48,0.0884,0.1558,450121.65
609,39,125921,463,79965,0.1125,48,0.0727,0.1785,70775.67
610,67,21524,764,182912,0.0867,36,0.0167,0.4263,178908.1
611,36,120424,796,180767,0.1646,36,0.0369,0.6247,160143.89
612,25,35048,694,241281,0.1067,60,0.1846,0.0692,218782.82
613,55,55111,607,89754,0.0612,24,0.0133,0.2936,88951.35
614,32,57904,482,82988,0.1753,36,0.0554,0.3413,71364.56
615,45,74912,809,456558,0.18,48,0.1648,0.356,391634.62
616,41,54008,845,155023,0.1093,36,0.0726,0.4162,148809.53
617,56,20060,526,137379,0.0429,12,0.0429,0.4121,117528.81
618,43,94666,735,85388,0.0959,24,0.082,0.1134,82516.67
619,36,103559,721,357912,0.1666,60,0.087,0.1968,293168.27
620,59,75337,320,302572,0.1833,12,0.0493,0.2804,248790.51
621,65,130616,696,244779,0.0646,12,0.0043,0.6501,239948.21
622,62,33350,404,359165,0.0414,24,0.0353,0.1682,326180.17
623,59,44354,491,385562,0.1791,60,0.0769,0.3435,363879.09
624,34,65186,316,211846,0.0962,48,0.0535,0.3036,179022.11
625,51,48145,419,175047,0.1221,60,0.1268,0.3518,145858.77
626,25,54020,692,137212,0.1946,36,0.0638,0.2348,132682.75
627,55,106123,724,423058,0.0413,12,0.1023,0.32,368790.1
628,43,126667,428,293565,0.1402,36,0.0339,0.0613,261568.33
629,49,95186,429,268852,0.0426,48,0.1332,0.1655,216585.66
630,63,105469,328,401846,0.0938,36,0.031,0.0554,352489.73
631,31,40581,396,417811,0.1666,60,0.0507,0.4997,398628.28
632,38,108929,309,81021,0.1037,36,0.1383,0.0585,78124.91
633,67,43051,541,164380,0.1995,48,0.0341,0.326,154476.26
634,32,71474,531,49789,0.125,48,0.0684,0.2411,46723.79
635,29,111748,583,453906,0.0846,48,0.0709,0.1718,409081.81
636,30,145995,499,31086,0.0674,60,0.0535,0.2765,28215.7
637,64,134618,378,284003,0.0896,48,0.1734,0.0796,269384.33
638,37,89626,472,12684,0.0933,12,0.078,0.4239,10774.56
639,58,26960,766,96088,0.0417,48,0.1286,0.0149,81319.6
640,27,55772,715,399423,0.0928,36,0.0613,0.5259,395422.76
641,66,41520,748,51099,0.1089,36,0.1867,0.1518,41162.19
642,33,69481,386,465712,0.1529,36,0.2825,0.3456,385559.75
643,60,56408,400,71093,0.1416,60,0.0538,0.3899,64983.73
644,62,114006,307,165761,0.1505,36,0.1497,0.2241,157069.65
645,29,148496,499,315795,0.0314,60,0.0486,0.2651,286608.66
646,47,77134,804,18893,0.067,60,0.0215,0.1514,16456.04
647,22,40491,386,496024,0.1425,48,0.1129,0.3424,493839.13
648,25,21341,342,71418,0.1123,12,0.0295,0.4674,67187.95
649,49,64623,684,130074,0.0309,48,0.0941,0.1483,125687.67
650,57,110327,734,370209,0.1668,48,0.0815,0.2346,299147.15
651,58,20338,707,135351,0.1614,60,0.0944,0.5743,114667.2
652,39,91431,782,196083,0.1232,60,0.0867,0.5197,171540.12
653,28,32254,316,43635,0.0413,36,0.0365,0.6015,36501.56
654,68,71860,447,454331,0.1603,36,0.071,0.4922,370088.88
655,65,31344,576,100071,0.1292,48,0.0537,0.4861,84561.83
656,21,21750,531,476621,0.1629,24,0.0817,0.3024,432165.19
657,42,74756,665,470918,0.1578,24,0.0452,0.0865,442262.19
658,37,87957,527,345662,0.1665,36,0.1775,0.4012,330039.52
659,27,125423,735,373377,0.1181,24,0.0661,0.1449,301907.87
660,45,78053,698,370795,0.0539,36,0.0554,0.0735,328375.03
661,65,90855,510,77805,0.1441,60,0.0845,0.0723,64145.73
662,24,35896,690,457170,0.1355,48,0.0332,0.0933,405162.38
663,56,75761,798,426280,0.1562,12,0.0512,0.283,378023.04
664,26,82552,839,389957,0.0589,48,0.1552,0.3195,350821.83
665,51,140075,790,346207,0.0631,36,0.0406,0.4115,338786.44
666,39,97454,741,269598,0.1814,36,0.0715,0.08,259088.83
667,64,146522,560,288022,0.1575,48,0.1133,0.1078,267095.52
668,59,138681,649,187170,0.1844,36,0.1755,0.1671,182880.34
669,47,110600,651,198226,0.159,24,0.1904,0.1681,185478.82
670,30,142732,819,149063,0.1315,24,0.0286,0.6081,143662.6
671,46,132153,619,73344,0.1412,36,0.0596,0.3419,66945.15
672,39,142926,437,372090,0.1812,36,0.1064,0.2569,336757.69
673,59,47935,849,41593,0.1284,24,0.0937,0.5427,39297.88
674,23,57641,667,41304,0.1375,36,0.0417,0.1626,33205.85
675,65,49711,519,428602,0.0566,36,0.0184,0.5754,402061.04
676,33,90342,636,191292,0.1106,48,0.1068,0.076,188786.77
677,48,126896,522,118613,0.1518,12,0.0147,0.1603,111826.96
678,40,32182,659,205410,0.0761,24,0.1403,0.2299,165839.56
679,48,107833,628,492505,0.0644,48,0.0156,0.52,431226.11
680,28,76276,762,419299,0.0834,12,0.1585,0.2919,403330.53
681,61,39541,681,23354,0.0711,36,0.1556,0.142,23160.67
682,59,114457,468,289334,0.0665,36,0.2652,0.3018,252887.37
683,21,102310,516,11142,0.1022,48,0.1122,0.2281,10788.12
684,23,64813,677,426614,0.1843,36,0.0271,0.0698,414993.88
685,33,57198,418,188043,0.1162,60,0.1217,0.6456,155071.03
686,48,28820,489,309006,0.0619,48,0.0425,0.0862,299475.54
687,69,44070,669,496884,0.0431,12,0.0415,0.4214,429730.12
688,45,89768,448,189482,0.1483,48,0.0935,0.4843,174067.17
689,53,31122,787,155575,0.0951,24,0.0145,0.391,141229.81
690,58,100559,673,130438,0.1697,48,0.0506,0.4631,121647.88
691,26,93543,459,53456,0.1421,36,0.1397,0.2679,50681.26
692,64,103441,650,105167,0.1654,36,0.21,0.1615,93406.83
693,65,61786,587,349179,0.0762,60,0.0378,0.195,341379.1
694,52,114934,587,275160,0.1477,60,0.1431,0.1391,264676.32
695,65,119804,525,269528,0.0749,60,0.1094,0.1008,257961.0
696,67,26737,822,198392,0.1896,12,0.0775,0.1349,176896.1
697,41,56062,821,413288,0.1382,60,0.0358,0.3584,333736.08
698,36,74237,572,107239,0.0852,12,0.0726,0.3772,96349.02
699,41,71571,701,116431,0.0758,60,0.0741,0.1443,114066.18
700,31,45510,482,347162,0.0625,12,0.0923,0.2553,290953.01
701,57,39426,787,45510,0.1481,48,0.1961,0.6175,45351.56
702,56,57265,423,185005,0.0672,48,0.0492,0.3726,177889.36
703,55,37850,713,288970,0.1312,36,0.0734,0.2502,272199.9
704,39,138249,471,335170,0.075,12,0.0402,0.2667,313528.74
705,40,86150,587,126668,0.1425,24,0.125,0.0831,116205.88
706,38,107312,734,247700,0.1685,36,0.0469,0.4164,233862.01
707,67,109613,412,423734,0.1623,48,0.1778,0.1667,374742.35
708,61,94910,421,29045,0.1593,12,0.0315,0.1382,28146.28
709,69,72375,843,186948,0.0619,60,0.057,0.2556,175594.5
710,34,141826,521,490662,0.045,24,0.0906,0.3076,468214.52
711,35,55435,338,95102,0.1488,48,0.06,0.629,91155.03
712,51,116443,796,319063,0.0926,36,0.0165,0.414,261125.63
713,21,77132,532,104441,0.1035,12,0.1237,0.4093,84715.04
714,23,98945,829,163175,0.0353,24,0.0811,0.1664,156680.17
715,36,102050,448,254877,0.0741,12,0.1228,0.2917,217123.8
716,43,149828,696,434404,0.0357,60,0.0423,0.4586,398085.2
717,31,115402,601,141917,0.1795,36,0.0656,0.1015,126127.62
718,32,22983,659,222770,0.0714,12,0.0739,0.1292,179197.93
719,30,117241,537,434890,0.1247,48,0.1302,0.49,351415.58
720,52,40662,535,123325,0.0366,36,0.0496,0.5197,119061.04
721,36,43510,502,24337,0.1434,48,0.0878,0.1294,22427.41
722,28,98187,555,158385,0.0849,12,0.2584,0.3483,143301.78
723,58,60998,534,425159,0.1826,36,0.1099,0.5373,420427.16
724,32,76846,644,345093,0.181,48,0.1185,0.2271,288022.56
725,44,114071,833,267420,0.0853,60,0.1775,0.272,227733.31
726,48,26640,765,318295,0.1832,60,0.0933,0.2638,302809.25
727,28,64547,840,415827,0.1993,12,0.0948,0.2513,397134.35
728,48,74620,512,148016,0.1703,36,0.0786,0.3778,130399.05
729,56,35317,762,320031,0.1736,24,0.0421,0.4341,316893.32
730,46,135608,735,86442,0.0723,36,0.2304,0.3312,85374.52
731,28,27564,582,54847,0.128,60,0.0764,0.0827,44013.73
732,48,47345,762,63653,0.0414,48,0.0301,0.1388,53116.24
733,48,133824,706,222144,0.0461,24,0.2474,0.3013,214156.57
734,57,114223,387,258661,0.1998,12,0.1609,0.3049,224270.3
735,61,143372,343,323766,0.0855,24,0.0363,0.2482,265194.31
736,56,99273,760,294954,0.1572,12,0.1685,0.7727,282270.93
737,47,94859,577,82842,0.1671,24,0.1035,0.0947,73805.32
738,37,100765,720,389369,0.1759,12,0.1496,0.1035,349841.1
739,29,130017,652,277647,0.1996,12,0.0119,0.3089,232466.58
740,53,94038,814,89761,0.0711,24,0.221,0.3276,83673.32
741,40,143618,318,435192,0.0369,24,0.0563,0.0794,396132.76
742,33,72393,322,393583,0.0999,12,0.0433,0.1436,331134.99
743,48,86081,712,278734,0.0521,60,0.1161,0.1874,241959.59
744,68,145341,329,146958,0.0338,24,0.1157,0.6641,135109.64
745,49,122650,407,411082,0.0913,36,0.0292,0.6147,404905.27
746,33,49430,666,333768,0.1632,48,0.1211,0.1917,328452.83
747,66,95532,580,467115,0.1263,12,0.0849,0.5547,400589.03
748,55,47788,427,168864,0.0832,12,0.0838,0.1747,159935.18
749,26,115505,528,407980,0.1412,48,0.1587,0.2361,389663.25
750,38,68543,410,261910,0.0694,60,0.1343,0.6249,251895.77
751,25,33919,435,125356,0.0324,48,0.0691,0.0273,114594.5
752,67,89346,661,222228,0.1599,24,0.0968,0.2904,178249.43
753,45,116122,485,47727,0.136,48,0.0323,0.3536,45452.1
754,22,59974,428,345615,0.1596,12,0.1554,0.109,283860.34
755,30,127309,560,13068,0.0366,48,0.0482,0.165,10759.86
756,50,36371,814,121923,0.1723,36,0.0296,0.0824,112306.32
757,65,65084,748,405511,0.1353,24,0.1056,0.3085,404174.48
758,25,49629,403,439376,0.1258,48,0.0374,0.3715,372814.0
759,53,71184,782,16390,0.1362,12,0.0931,0.1197,15228.97
760,21,81916,523,111752,0.177,24,0.1053,0.0427,96188.38
761,38,147293,790,418347,0.1298,12,0.2623,0.0763,409873.47
762,52,93972,772,361898,0.1288,60,0.0373,0.4611,332476.92
763,67,82187,309,343113,0.1984,36,0.0397,0.0734,288728.03
764,69,32984,704,151110,0.1586,60,0.0835,0.3687,128810.12
765,31,53039,601,450543,0.1052,36,0.0941,0.1897,399404.63
766,41,105431,530,229790,0.1503,48,0.0946,0.6095,189440.88
767,46,103691,365,344208,0.0962,24,0.1016,0.4001,280786.53
768,45,78606,411,26281,0.0689,48,0.0809,0.3688,24599.34
769,42,30616,312,59189,0.1315,36,0.115,0.7042,52171.14
770,47,122665,692,267093,0.1878,36,0.0472,0.3579,252468.37
771,69,125373,799,315655,0.188,36,0.0837,0.2024,259472.08
772,33,70072,533,127115,0.0881,12,0.1061,0.1266,117196.61
773,53,44574,613,13605,0.1197,24,0.1868,0.4292,12090.24
774,54,23430,311,367462,0.066,48,0.077,0.0713,298232.06
775,61,139123,508,399597,0.1993,48,0.0189,0.5249,363217.85
776,55,32676,313,464850,0.1968,60,0.0296,0.6096,379578.31
777,21,30816,717,286954,0.1404,36,0.0808,0.243,277066.7
778,41,52733,736,254415,0.1668,36,0.1075,0.4096,235687.89
779,68,105680,676,160394,0.1516,36,0.0486,0.1376,146182.05
780,26,22050,319,46869,0.1308,48,0.1585,0.2075,38746.31
781,48,129996,369,37955,0.0391,60,0.0548,0.5734,32546.09
782,37,53933,510,66388,0.1073,12,0.2076,0.3095,59654.61
783,25,44951,400,246324,0.1447,24,0.105,0.503,228257.79
784,51,52413,431,15207,0.1452,12,0.1802,0.303,12722.88
785,25,54801,680,223401,0.0934,48,0.036,0.1879,179116.95
786,58,75619,431,465844,0.1901,36,0.0858,0.3292,404796.09
787,23,52913,319,164292,0.0585,24,0.1034,0.3797,147299.98
788,43,132573,835,482266,0.1151,48,0.2226,0.4894,403602.0
789,57,139076,526,210157,0.1475,48,0.1042,0.2849,188812.01
790,57,60600,453,27031,0.1485,48,0.0335,0.426,23454.72
791,30,77775,768,468937,0.1403,24,0.0277,0.2629,417831.28
792,30,110816,704,347951,0.0768,24,0.1212,0.5066,302540.45
793,39,149972,501,76312,0.0566,60,0.0633,0.3827,70641.53
794,37,110093,337,64766,0.1381,60,0.1053,0.2782,52368.45
795,41,132590,487,148521,0.1319,12,0.1086,0.1248,123893.4
796,34,55400,356,356977,0.0605,24,0.1533,0.365,316478.02
797,29,24494,319,192771,0.1499,24,0.105,0.3685,167953.53
798,66,100688,572,242199,0.1074,24,0.0198,0.247,212729.77
799,21,142744,418,479469,0.1435,60,0.1122,0.2572,460650.87
800,65,109431,815,241731,0.1724,48,0.0492,0.1677,236235.57
801,33,94691,520,240841,0.0589,36,0.1278,0.2626,204650.73
802,24,117419,825,116041,0.0333,60,0.1566,0.6523,112243.93
803,21,128730,814,121185,0.1624,24,0.0622,0.2701,108067.69
804,69,63001,635,182164,0.1336,60,0.1605,0.2463,155707.25
805,60,87364,354,461887,0.1489,12,0.0427,0.0579,460543.47
806,52,144988,799,15350,0.1725,24,0.1409,0.2193,14812.14
807,54,65028,835,232230,0.1665,12,0.1154,0.2126,231963.09
808,48,127434,461,368003,0.1934,24,0.2141,0.4252,306781.34
809,51,117659,458,266570,0.1211,60,0.0784,0.2632,220924.83
810,28,57573,487,73487,0.113,48,0.0385,0.1877,66187.95
811,59,20806,359,153694,0.0983,36,0.0268,0.3472,142586.34
812,46,144343,618,128853,0.0561,12,0.0448,0.5211,107490.72
813,54,76638,510,468479,0.1273,60,0.0285,0.0737,455401.94
814,23,148301,705,320261,0.0771,48,0.0547,0.126,290285.43
815,32,146295,408,240062,0.1866,60,0.1421,0.2676,211779.9
816,21,126506,375,456610,0.1291,12,0.1015,0.151,420268.75
817,64,49757,841,238077,0.1308,36,0.1664,0.1272,220695.18
818,25,54636,613,368228,0.0903,60,0.0983,0.15,297733.2
819,50,100097,416,28782,0.0388,24,0.0907,0.1609,28781.38
820,50,68280,318,295598,0.0354,48,0.1428,0.4552,257993.18
821,37,44262,731,335048,0.102,60,0.043,0.0949,272162.35
822,68,100435,649,134936,0.0444,48,0.0865,0.3417,130950.62
823,67,82211,482,413808,0.1332,24,0.1911,0.1412,413230.21
824,43,74842,412,158245,0.1798,36,0.0423,0.2408,152432.93
825,35,148583,482,431420,0.1801,36,0.127,0.2481,418639.83
826,57,76979,780,433812,0.142,24,0.0894,0.1723,401357.23
827,41,134524,445,432540,0.0659,48,0.0516,0.3679,425820.54
828,34,101470,412,127258,0.1767,60,0.1033,0.4922,102716.0
829,22,58197,775,116668,0.1806,24,0.0247,0.063,111224.83
830,31,61844,602,459418,0.0634,12,0.1231,0.1861,429161.67
831,59,84754,417,487616,0.1554,48,0.0329,0.7999,394928.48
832,58,121868,460,391328,0.0787,36,0.0541,0.1303,355636.82
833,54,54157,700,428966,0.1664,24,0.2292,0.045,387361.48
834,58,97129,497,474328,0.1995,36,0.0724,0.5718,445065.21
835,54,60042,559,283710,0.0351,48,0.029,0.1748,231367.29
836,38,81665,346,143262,0.1826,36,0.0986,0.2243,137682.77
837,50,135512,698,486823,0.1358,24,0.0987,0.0535,403031.36
838,35,136953,377,43333,0.1955,48,0.103,0.2745,38294.8
839,47,102856,423,389073,0.1091,12,0.1671,0.2265,379835.47
840,54,47376,374,216977,0.1741,24,0.0713,0.3846,197906.09
841,58,129049,436,94571,0.0406,60,0.0993,0.0121,82836.46
842,53,75554,699,125263,0.087,24,0.1157,0.1037,101417.99
843,44,34199,804,399805,0.0414,48,0.0602,0.1885,373599.66
844,35,138533,799,30235,0.1958,24,0.007,0.433,30153.65
845,50,101412,437,5159,0.1689,12,0.1788,0.304,5067.99
846,62,70948,349,148217,0.1749,12,0.0806,0.1407,139836.69
847,37,93781,553,479125,0.1895,60,0.0671,0.2983,393389.69
848,25,92750,725,167993,0.0445,36,0.0845,0.5396,142439.25
849,49,86262,846,372003,0.0956,48,0.0651,0.2809,311504.08
850,24,137424,601,152309,0.0421,48,0.1778,0.1931,132675.2
851,30,66600,648,112507,0.0658,36,0.1536,0.6589,95305.07
852,37,96898,348,406460,0.069,12,0.0557,0.2564,345038.97
853,30,82483,373,19743,0.1097,12,0.1018,0.2419,18229.62
854,37,38297,560,233174,0.0757,24,0.04,0.0833,201401.83
855,40,50448,655,51101,0.0472,60,0.0324,0.2759,47801.54
856,44,46172,559,247717,0.0585,60,0.0718,0.3844,245135.28
857,25,62874,594,126534,0.055,60,0.097,0.3304,117385.03
858,54,27657,612,351371,0.1954,24,0.0094,0.119,333918.87
859,26,104386,481,235604,0.1591,60,0.0261,0.3839,223898.27
860,22,145617,663,192450,0.1945,36,0.1612,0.2677,166688.75
861,33,45425,487,338270,0.1048,24,0.1038,0.3209,271627.97
862,63,46685,842,323215,0.0773,36,0.1365,0.41,262130.47
863,63,142000,847,207193,0.1657,24,0.1897,0.1857,177442.58
864,68,132855,707,341907,0.0855,60,0.0024,0.2377,320677.53
865,31,44578,713,492030,0.0809,36,0.1088,0.2998,482847.06
866,67,48831,641,240422,0.0695,36,0.0937,0.2693,238440.84
867,43,27906,519,410453,0.052,36,0.0371,0.1109,330484.33
868,36,81413,462,151721,0.0736,24,0.1492,0.2679,151420.21
869,51,74028,519,173785,0.0904,48,0.0355,0.1899,150237.04
870,31,27287,569,209535,0.1446,60,0.1078,0.1971,202953.77
871,36,53660,699,181481,0.0406,36,0.102,0.083,151728.84
872,28,95758,481,184838,0.0658,48,0.1014,0.0791,150195.6
873,24,80504,504,51154,0.1675,60,0.0848,0.1582,44794.08
874,60,79720,527,274160,0.055,60,0.0473,0.1182,266424.6
875,24,122979,549,477779,0.0882,36,0.083,0.2366,403324.3
876,45,54701,740,446904,0.177,36,0.1129,0.36,371284.03
877,23,103300,832,356822,0.0563,24,0.0496,0.0346,350385.24
878,52,130177,495,379200,0.0441,48,0.0704,0.0829,374523.49
879,23,37674,818,59238,0.1124,48,0.1343,0.1203,47539.07
880,47,103560,369,325752,0.0814,36,0.097,0.2281,307994.33
881,49,131543,698,94081,0.1258,60,0.1594,0.5177,81082.91
882,52,43874,502,252644,0.1666,36,0.0968,0.2653,221048.56
883,39,63642,447,430113,0.0533,60,0.0995,0.085,384443.86
884,41,143867,771,318105,0.1287,60,0.0943,0.4627,281636.87
885,25,117820,498,204775,0.1159,36,0.2488,0.2241,184910.75
886,38,85160,725,442973,0.0545,12,0.0306,0.2048,405972.5
887,48,37602,791,294061,0.1361,48,0.0608,0.3102,262631.5
888,62,123320,441,420952,0.0765,60,0.1333,0.6875,395826.52
889,42,108801,612,295134,0.1129,60,0.0119,0.1859,278523.96
890,41,45931,464,67551,0.044,12,0.052,0.0798,59990.14
891,26,114377,613,456377,0.1081,24,0.0082,0.3225,378104.98
892,21,49192,320,215695,0.0821,12,0.0259,0.3058,200192.52
893,25,66542,381,158512,0.1698,12,0.0376,0.1448,151314.18
894,61,147015,430,171277,0.0397,60,0.0381,0.5261,158880.3
895,32,62520,604,85811,0.1012,48,0.0606,0.1379,78741.11
896,46,84772,670,259840,0.1079,12,0.0492,0.3317,219794.08
897,66,78762,683,322247,0.1533,24,0.0569,0.0996,299376.3
898,54,70106,744,469028,0.1276,36,0.1109,0.3623,406633.79
899,69,101121,724,439843,0.1434,12,0.0439,0.83,432766.71
900,34,45559,460,373266,0.1621,12,0.0385,0.0805,347415.1
901,46,125595,477,239104,0.1766,24,0.11,0.4485,204585.97
902,65,53742,789,24008,0.0834,48,0.0433,0.349,21477.21
903,47,89669,626,207346,0.1215,12,0.0259,0.2714,200983.85
904,29,100199,588,37402,0.1728,12,0.0562,0.6687,32431.0
905,46,41754,653,189456,0.1982,48,0.2409,0.2876,171474.37
906,67,23972,327,264994,0.1812,24,0.091,0.1922,248016.89
907,42,90831,342,404009,0.0931,12,0.0395,0.2853,384174.53
908,67,132217,722,141643,0.0632,48,0.0177,0.2087,118240.52
909,50,61873,476,495083,0.1132,12,0.1164,0.4108,452025.86
910,63,114661,828,414425,0.1561,36,0.0348,0.2749,407147.69
911,68,126532,793,118550,0.1137,60,0.0379,0.0699,117799.81
912,37,146267,497,489146,0.1121,36,0.0107,0.2347,455506.94
913,46,29903,816,441364,0.1725,12,0.0695,0.2214,439921.69
914,56,23020,813,96218,0.0914,24,0.1425,0.09,87957.4
915,21,61755,321,138296,0.1762,60,0.1065,0.5607,122878.9
916,28,105956,411,184767,0.0992,36,0.0726,0.2219,168196.63
917,69,106988,356,387923,0.0858,48,0.2809,0.3632,319315.9
918,55,65648,365,396858,0.1072,24,0.2825,0.5675,349371.24
919,35,123537,397,246060,0.1596,36,0.2284,0.1012,219407.03
920,67,145991,443,245016,0.0514,48,0.1873,0.2629,237598.28
921,42,29516,734,37441,0.0634,12,0.0506,0.2438,35633.71
922,34,132863,385,243038,0.1917,48,0.0094,0.2942,223664.3
923,46,135005,643,175201,0.0598,36,0.1439,0.1823,152329.46
924,48,22396,593,236324,0.1265,36,0.0266,0.307,197899.35
925,43,104082,542,329512,0.1285,12,0.1172,0.4637,286528.15
926,34,39129,331,97122,0.1132,48,0.1107,0.291,90902.39
927,44,148322,690,49760,0.1396,48,0.1249,0.2992,42425.75
928,22,21591,576,290622,0.0691,12,0.1513,0.4533,257310.13
929,65,31303,831,395025,0.124,48,0.0304,0.2394,346576.78
930,46,50561,453,338998,0.0933,12,0.0024,0.1773,323105.1
931,34,91719,682,361374,0.1425,24,0.0454,0.4456,352974.73
932,27,138618,367,352860,0.054,36,0.1546,0.2192,331644.01
933,23,112108,513,148252,0.127,24,0.1237,0.2085,128730.24
934,67,148748,675,103538,0.0615,60,0.0447,0.1691,91800.46
935,43,119616,512,20372,0.0774,60,0.0374,0.1331,16881.67
936,66,144165,378,296940,0.0672,60,0.0409,0.0761,247534.97
937,63,106231,680,456488,0.0611,12,0.1345,0.1575,380189.92
938,67,27314,357,226035,0.1704,48,0.0508,0.369,186731.42
939,65,137071,325,365970,0.0786,24,0.0449,0.2075,305920.27
940,38,39623,746,387736,0.1876,24,0.168,0.1923,325906.7
941,58,87675,365,360779,0.1949,24,0.0278,0.0429,296693.53
942,55,132992,553,116022,0.1271,24,0.0746,0.0877,107674.47
943,35,116826,343,59040,0.0543,60,0.251,0.0861,58926.66
944,45,85082,396,342501,0.0937,24,0.0856,0.4255,334225.27
945,57,149839,526,207440,0.1656,48,0.0551,0.3701,167843.97
946,48,103624,735,83356,0.0925,60,0.1812,0.218,73737.7
947,30,125228,678,283355,0.0448,24,0.0262,0.1678,275381.99
948,59,53130,477,372570,0.1247,12,0.0161,0.5976,308091.16
949,37,71756,726,272986,0.1737,36,0.0877,0.1767,264667.85
950,59,117624,606,461331,0.1653,36,0.039,0.3376,423751.04
951,42,46292,803,333996,0.0598,36,0.1578,0.0165,329406.8
952,46,131785,567,392881,0.1444,60,0.0968,0.5085,383140.62
953,64,147331,307,313112,0.0675,24,0.1023,0.076,292887.11
954,45,106206,807,284652,0.0671,60,0.0674,0.0917,265171.71
955,37,89274,775,158077,0.1786,48,0.1086,0.314,133200.87
956,33,22469,596,59575,0.0724,12,0.0937,0.4031,49051.11
957,40,73947,463,478958,0.0748,12,0.0611,0.6631,422957.6
958,45,42534,784,155043,0.0301,36,0.0364,0.1807,129819.99
959,24,83620,371,423815,0.178,36,0.0954,0.4169,347733.15
960,30,68874,537,485808,0.1647,36,0.05,0.1405,418020.95
961,23,69708,403,71914,0.1366,24,0.1487,0.3587,69907.45
962,61,94553,509,254134,0.1575,48,0.0719,0.5723,204178.79
963,65,88344,767,72055,0.0558,48,0.0072,0.3882,61861.2
964,38,69138,753,92697,0.1079,48,0.0145,0.4599,82019.27
965,67,74302,567,111239,0.0897,48,0.103,0.1843,100350.25
966,56,67638,685,240469,0.0459,36,0.046,0.2025,201107.95
967,67,98249,686,128106,0.1126,12,0.0404,0.2001,127189.28
968,42,125865,558,272499,0.1865,36,0.1741,0.2692,249547.67
969,54,22719,582,321264,0.0368,48,0.025,0.6094,290558.26
970,67,42890,339,472835,0.0795,36,0.1631,0.0819,379102.33
971,28,97236,785,305486,0.0653,48,0.0866,0.1241,274064.65
972,60,56509,519,484208,0.0705,60,0.0467,0.4558,468487.76
973,69,62534,428,477076,0.1844,12,0.048,0.3443,402618.23
974,64,122302,819,7257,0.1096,60,0.0241,0.5219,6315.34
975,39,112241,559,294508,0.1093,24,0.0704,0.0905,236818.09
976,62,38787,665,161044,0.1593,36,0.1258,0.2117,160300.86
977,61,146209,843,116715,0.0563,24,0.0629,0.0723,94927.85
978,57,68845,823,31654,0.1128,36,0.0983,0.2304,31009.66
979,26,77932,315,216841,0.1031,60,0.0609,0.3422,187046.51
980,46,112124,428,348567,0.1315,48,0.1402,0.2751,319814.15
981,54,111659,408,296464,0.1999,48,0.0656,0.1542,277449.72
982,65,53062,832,25808,0.1608,36,0.2014,0.3478,21373.3
983,26,95713,568,57389,0.0976,48,0.048,0.1722,51004.58
984,57,107263,461,493906,0.1707,60,0.0246,0.4296,427274.73
985,53,115756,559,123581,0.059,48,0.0479,0.7094,100263.8
986,42,80461,401,132927,0.0352,60,0.1205,0.4765,128492.39
987,41,95418,805,39773,0.0648,24,0.2655,0.5828,32177.69
988,26,86672,546,187240,0.0879,60,0.0391,0.3308,174255.2
989,26,148232,836,425963,0.1168,12,0.2169,0.3596,367527.47
990,68,54832,430,343540,0.1346,12,0.1638,0.2329,288032.82
991,24,147335,652,374836,0.1848,12,0.004,0.2594,349878.37
992,50,51966,495,219764,0.1167,36,0.2541,0.242,201063.74
993,31,92545,681,62505,0.1152,36,0.088,0.4538,53945.02
994,50,32987,526,353040,0.0385,36,0.1295,0.2333,318651.13
995,51,57311,775,23135,0.0359,60,0.1744,0.1193,19647.34
996,44,51575,776,95887,0.1237,36,0.1393,0.2156,93273.05
997,29,83852,564,127118,0.1045,24,0.2454,0.2692,109672.8
998,23,147650,671,494251,0.1727,12,0.0183,0.7464,419634.23
999,51,21007,785,314521,0.0573,60,0.4332,0.2059,298910.3
1000,60,90981,733,159626,0.0342,12,0.0609,0.1939,128262.44
